model,dataset,int8_size_bytes,int8_ram_bytes,fp32_parity_percent,int8_parity_percent,int8_top1_match,pico_ram_fit_264kb,output_dir
deepconvlstm,daphnet,865304,401972,99.99999612782375,98.4039522029362,True,False,/mnt/c/Users/Xeron/Desktop/MandalTinyDLAlgorithm/SensorNanoMamba/MicroBiConvLSTM/edge_exports/paper_retrain_seed29_20260502_140725/deepconvlstm/daphnet
deepconvlstm,motionsense,1961048,672012,99.99995240610528,24.181919703907116,True,False,/mnt/c/Users/Xeron/Desktop/MandalTinyDLAlgorithm/SensorNanoMamba/MicroBiConvLSTM/edge_exports/paper_retrain_seed29_20260502_140725/deepconvlstm/motionsense
deepconvlstm,opportunity,1985192,715974,99.99999127675336,95.74195826671541,True,False,/mnt/c/Users/Xeron/Desktop/MandalTinyDLAlgorithm/SensorNanoMamba/MicroBiConvLSTM/edge_exports/paper_retrain_seed29_20260502_140725/deepconvlstm/opportunity
deepconvlstm,pamap2,1965760,679920,99.99999529873084,98.13626765030007,True,False,/mnt/c/Users/Xeron/Desktop/MandalTinyDLAlgorithm/SensorNanoMamba/MicroBiConvLSTM/edge_exports/paper_retrain_seed29_20260502_140725/deepconvlstm/pamap2
deepconvlstm,skoda,1403840,557666,99.99999617759198,97.64878586842514,True,False,/mnt/c/Users/Xeron/Desktop/MandalTinyDLAlgorithm/SensorNanoMamba/MicroBiConvLSTM/edge_exports/paper_retrain_seed29_20260502_140725/deepconvlstm/skoda
deepconvlstm,ucihar,1962008,673740,99.99999097666824,98.65932132128106,True,False,/mnt/c/Users/Xeron/Desktop/MandalTinyDLAlgorithm/SensorNanoMamba/MicroBiConvLSTM/edge_exports/paper_retrain_seed29_20260502_140725/deepconvlstm/ucihar
deepconvlstm,unimib,1961240,672478,99.99999058861965,90.31139476882994,False,False,/mnt/c/Users/Xeron/Desktop/MandalTinyDLAlgorithm/SensorNanoMamba/MicroBiConvLSTM/edge_exports/paper_retrain_seed29_20260502_140725/deepconvlstm/unimib
deepconvlstm,wisdm,1960088,670284,99.99999526979637,96.04841514432812,True,False,/mnt/c/Users/Xeron/Desktop/MandalTinyDLAlgorithm/SensorNanoMamba/MicroBiConvLSTM/edge_exports/paper_retrain_seed29_20260502_140725/deepconvlstm/wisdm
microbi,daphnet,155096,40514,99.99998161266497,98.60243738520211,True,True,/mnt/c/Users/Xeron/Desktop/MandalTinyDLAlgorithm/SensorNanoMamba/MicroBiConvLSTM/edge_exports/paper_retrain_seed29_20260502_140725/microbi/daphnet
microbi,motionsense,301112,70566,99.99998386094802,97.33711445586111,True,True,/mnt/c/Users/Xeron/Desktop/MandalTinyDLAlgorithm/SensorNanoMamba/MicroBiConvLSTM/edge_exports/paper_retrain_seed29_20260502_140725/microbi/motionsense
microbi,opportunity,307768,95785,99.99999380199546,99.1812629901176,True,True,/mnt/c/Users/Xeron/Desktop/MandalTinyDLAlgorithm/SensorNanoMamba/MicroBiConvLSTM/edge_exports/paper_retrain_seed29_20260502_140725/microbi/opportunity
microbi,pamap2,302608,75252,99.9999965253679,96.88315775763189,True,True,/mnt/c/Users/Xeron/Desktop/MandalTinyDLAlgorithm/SensorNanoMamba/MicroBiConvLSTM/edge_exports/paper_retrain_seed29_20260502_140725/microbi/pamap2
microbi,skoda,229904,63055,99.99999439860949,99.58223733114507,True,True,/mnt/c/Users/Xeron/Desktop/MandalTinyDLAlgorithm/SensorNanoMamba/MicroBiConvLSTM/edge_exports/paper_retrain_seed29_20260502_140725/microbi/skoda
microbi,ucihar,302232,72318,99.99999561432324,99.27561496257279,True,True,/mnt/c/Users/Xeron/Desktop/MandalTinyDLAlgorithm/SensorNanoMamba/MicroBiConvLSTM/edge_exports/paper_retrain_seed29_20260502_140725/microbi/ucihar
microbi,unimib,301112,69717,99.99998743625844,96.0075111174589,True,True,/mnt/c/Users/Xeron/Desktop/MandalTinyDLAlgorithm/SensorNanoMamba/MicroBiConvLSTM/edge_exports/paper_retrain_seed29_20260502_140725/microbi/unimib
microbi,wisdm,300872,69558,99.99999229480045,98.55791126312103,True,True,/mnt/c/Users/Xeron/Desktop/MandalTinyDLAlgorithm/SensorNanoMamba/MicroBiConvLSTM/edge_exports/paper_retrain_seed29_20260502_140725/microbi/wisdm
tinierhar,daphnet,173616,90027,99.99993354047463,0.0,True,True,/mnt/c/Users/Xeron/Desktop/MandalTinyDLAlgorithm/SensorNanoMamba/MicroBiConvLSTM/edge_exports/paper_retrain_seed29_20260502_140725/tinierhar/daphnet
tinierhar,motionsense,319624,120511,99.99995185135256,69.19052127264085,True,True,/mnt/c/Users/Xeron/Desktop/MandalTinyDLAlgorithm/SensorNanoMamba/MicroBiConvLSTM/edge_exports/paper_retrain_seed29_20260502_140725/tinierhar/motionsense
tinierhar,opportunity,431696,1157658,99.99998248958109,95.20163703914754,True,False,/mnt/c/Users/Xeron/Desktop/MandalTinyDLAlgorithm/SensorNanoMamba/MicroBiConvLSTM/edge_exports/paper_retrain_seed29_20260502_140725/tinierhar/opportunity
tinierhar,pamap2,339952,305437,99.99998181785963,74.76562879731183,False,False,/mnt/c/Users/Xeron/Desktop/MandalTinyDLAlgorithm/SensorNanoMamba/MicroBiConvLSTM/edge_exports/paper_retrain_seed29_20260502_140725/tinierhar/pamap2
tinierhar,skoda,280128,361740,99.99999370435563,99.3864845469894,True,False,/mnt/c/Users/Xeron/Desktop/MandalTinyDLAlgorithm/SensorNanoMamba/MicroBiConvLSTM/edge_exports/paper_retrain_seed29_20260502_140725/tinierhar/skoda
tinierhar,ucihar,324232,163135,99.99998033880533,90.18308882451926,True,True,/mnt/c/Users/Xeron/Desktop/MandalTinyDLAlgorithm/SensorNanoMamba/MicroBiConvLSTM/edge_exports/paper_retrain_seed29_20260502_140725/tinierhar/ucihar
tinierhar,unimib,315200,77998,99.99998773601106,98.85519429535582,True,True,/mnt/c/Users/Xeron/Desktop/MandalTinyDLAlgorithm/SensorNanoMamba/MicroBiConvLSTM/edge_exports/paper_retrain_seed29_20260502_140725/tinierhar/unimib
tinierhar,wisdm,315016,77887,99.99998473335033,98.23913997463649,True,True,/mnt/c/Users/Xeron/Desktop/MandalTinyDLAlgorithm/SensorNanoMamba/MicroBiConvLSTM/edge_exports/paper_retrain_seed29_20260502_140725/tinierhar/wisdm
tinyhar,daphnet,138120,222464,64.90158881445186,0.0,True,True,/mnt/c/Users/Xeron/Desktop/MandalTinyDLAlgorithm/SensorNanoMamba/MicroBiConvLSTM/edge_exports/paper_retrain_seed29_20260502_140725/tinyhar/daphnet
tinyhar,motionsense,216920,293348,88.62829341199568,40.71535431617096,False,False,/mnt/c/Users/Xeron/Desktop/MandalTinyDLAlgorithm/SensorNanoMamba/MicroBiConvLSTM/edge_exports/paper_retrain_seed29_20260502_140725/tinyhar/motionsense
tinyhar,opportunity,300944,3161903,98.98855831871884,87.78229093240644,True,False,/mnt/c/Users/Xeron/Desktop/MandalTinyDLAlgorithm/SensorNanoMamba/MicroBiConvLSTM/edge_exports/paper_retrain_seed29_20260502_140725/tinyhar/opportunity
tinyhar,pamap2,232352,754594,99.7877510000843,85.1899012673794,True,False,/mnt/c/Users/Xeron/Desktop/MandalTinyDLAlgorithm/SensorNanoMamba/MicroBiConvLSTM/edge_exports/paper_retrain_seed29_20260502_140725/tinyhar/pamap2
tinyhar,skoda,208024,875777,97.75885497916721,93.06683264729647,True,False,/mnt/c/Users/Xeron/Desktop/MandalTinyDLAlgorithm/SensorNanoMamba/MicroBiConvLSTM/edge_exports/paper_retrain_seed29_20260502_140725/tinyhar/skoda
tinyhar,ucihar,221248,399284,94.89201508882765,15.060318556182661,False,False,/mnt/c/Users/Xeron/Desktop/MandalTinyDLAlgorithm/SensorNanoMamba/MicroBiConvLSTM/edge_exports/paper_retrain_seed29_20260502_140725/tinyhar/ucihar
tinyhar,unimib,214544,191699,99.85852722121622,96.173519665147,True,True,/mnt/c/Users/Xeron/Desktop/MandalTinyDLAlgorithm/SensorNanoMamba/MicroBiConvLSTM/edge_exports/paper_retrain_seed29_20260502_140725/tinyhar/unimib
tinyhar,wisdm,213464,190052,99.63943046105041,98.85554909580023,True,True,/mnt/c/Users/Xeron/Desktop/MandalTinyDLAlgorithm/SensorNanoMamba/MicroBiConvLSTM/edge_exports/paper_retrain_seed29_20260502_140725/tinyhar/wisdm
